What,Where,Mood,Colours
ant,window,snug,orange
roses,café,calm,dark
vase,boat,nostalgic,rainbow
teapot,countryside,peaceful,pastel
tree,mountain,broken,chalk
evergreen,town,falling,blue
books,city,fast,black and white
elephant,roadside,excitement,sepia
dog,tabletop,music,green
runner,doorway,friendly,yellow
skier,pond,anticipation,red
model (female),sea,gravitas,shadows
model (male),shore,imposing,pale
shoe,catwalk,dark,contrast
chair,hillside,sunshine,blue and yellow
horse,indoors,stormy,green and red
sheep,home,learning,red and blue
gymnast,library,frustration,black and red
daisy,garden,triumph,black and yellow
cake,theatre,love,rainforest
bee,online,family,jewels
light,rocks,sunset,sparkles
trumpet,cliffside,morning,highlighters
guitar,brambles,unbalanced,monochrome
driver,park,surprising,pencil
car,at height,sketchy,vibrant
